{
  "node_classification": {
    "xgboost": {
      "accuracy": 0.9838617710583153,
      "f1_macro": 0.907877036104312,
      "f1_weighted": 0.9850969144047134,
      "precision_sar": 0.7100330760749725,
      "recall_sar": 0.9821476630483538,
      "f1_sar": 0.824211398027554,
      "pr_auc": 0.9306902835999435,
      "avg_precision": 0.9304681039501633,
      "roc_auc": 0.9971868598515385,
      "confusion_matrix": [
        [
          273757,
          4471
        ],
        [
          199,
          10948
        ]
      ],
      "recall@1x": 0.829640261953889,
      "recall@2x": 1.0,
      "recall@5x": 1.0
    },
    "random_forest": {
      "accuracy": 0.98097969762419,
      "f1_macro": 0.8956342471456556,
      "f1_weighted": 0.9827408703214209,
      "precision_sar": 0.6705142926210189,
      "recall_sar": 0.9953350677312282,
      "f1_sar": 0.8012565898750632,
      "pr_auc": 0.9250588375819344,
      "avg_precision": 0.9249357975806647,
      "roc_auc": 0.9970401330838844,
      "confusion_matrix": [
        [
          272776,
          5452
        ],
        [
          52,
          11095
        ]
      ],
      "recall@1x": 0.8251547501569929,
      "recall@2x": 1.0,
      "recall@5x": 1.0
    },
    "logistic_regression": {
      "accuracy": 0.9800881209503239,
      "f1_macro": 0.8920736356049573,
      "f1_weighted": 0.9820281236121435,
      "precision_sar": 0.6592535636127048,
      "recall_sar": 0.999910289764062,
      "f1_sar": 0.7946103942396806,
      "pr_auc": 0.866464445777988,
      "avg_precision": 0.866470822023498,
      "roc_auc": 0.9950676871965122,
      "confusion_matrix": [
        [
          272467,
          5761
        ],
        [
          1,
          11146
        ]
      ],
      "recall@1x": 0.7740199156723783,
      "recall@2x": 1.0,
      "recall@5x": 1.0
    }
  },
  "edge_classification": {
    "xgboost": {
      "accuracy": 0.8797531895788384,
      "f1_macro": 0.5995160547501921,
      "f1_weighted": 0.9183551903312278,
      "precision_sar": 0.15515582701299863,
      "recall_sar": 0.8959948320413437,
      "f1_sar": 0.2645078856532601,
      "pr_auc": 0.523558379868584,
      "avg_precision": 0.5224162318333331,
      "roc_auc": 0.9371070288230201,
      "confusion_matrix": [
        [
          275230,
          37762
        ],
        [
          805,
          6935
        ]
      ],
      "recall@1x": 0.5012919896640827,
      "recall@2x": 0.6782945736434108,
      "recall@5x": 0.8830749354005168
    },
    "random_forest": {
      "accuracy": 0.8933845079380917,
      "f1_macro": 0.6149260539615325,
      "f1_weighted": 0.9265770341707882,
      "precision_sar": 0.1713746242329383,
      "recall_sar": 0.8912144702842377,
      "f1_sar": 0.2874705673980538,
      "pr_auc": 0.5711860590830262,
      "avg_precision": 0.570414524345707,
      "roc_auc": 0.9414569216437527,
      "confusion_matrix": [
        [
          279639,
          33353
        ],
        [
          842,
          6898
        ]
      ],
      "recall@1x": 0.5169250645994832,
      "recall@2x": 0.6824289405684755,
      "recall@5x": 0.8872093023255814
    }
  }
}