{
  "GraphSAGE": {
    "train_loss": [
      0.21594859659671783,
      0.10027499496936798,
      0.048069845885038376,
      0.024904558435082436
    ],
    "val_prauc": [
      0.9999949042096384,
      0.9977675494556593,
      0.9996016445694947,
      0.9997466357028892
    ],
    "val_f1": [
      0.6627018867924528,
      0.8300374333572806,
      0.9760348583877996,
      0.9842622068779985
    ],
    "epoch": [
      5,
      10,
      15,
      20
    ]
  },
  "GAT": {
    "train_loss": [
      0.24954262375831604,
      0.17971915006637573,
      0.13288167119026184,
      0.09850618988275528
    ],
    "val_prauc": [
      0.9998590771333529,
      0.999664169810966,
      0.9996240674254532,
      0.9996280400331824
    ],
    "val_f1": [
      0.703770197486535,
      0.8986409038807925,
      0.9726015250931016,
      0.9934705722317947
    ],
    "epoch": [
      5,
      10,
      15,
      20
    ]
  },
  "GCN": {
    "train_loss": [
      0.15805953741073608,
      0.06650660932064056,
      0.029661940410733223,
      0.016893193125724792,
      0.010718539357185364,
      0.00726510863751173,
      0.005720721557736397,
      0.004492599982768297,
      0.003916311077773571,
      0.003285834565758705,
      0.003254210576415062,
      0.002639172598719597,
      0.002639126032590866,
      0.0024352732580155134,
      0.0022453295532613993,
      0.0023316917940974236,
      0.002276394749060273,
      0.002211240818724036
    ],
    "val_prauc": [
      0.9811619661402767,
      0.9891298125884306,
      0.989514624387716,
      0.9886018002591109,
      0.9902193123182573,
      0.9974211529691764,
      0.9999731741141599,
      0.9999991208714785,
      0.9999998093761931,
      0.99999992535201,
      0.9999997265604359,
      0.9999997140785177,
      0.999999950221078,
      0.9999999585137872,
      0.9999999916997337,
      0.9999999834009798,
      0.999999950221078,
      0.999999941929879
    ],
    "val_f1": [
      0.5096227510156703,
      0.7011402472132614,
      0.8115641983067766,
      0.8684231347416727,
      0.9280459964488036,
      0.9613733905579399,
      0.980875781948168,
      0.9901222317441704,
      0.9928539122568973,
      0.9950140513099447,
      0.9950591541634559,
      0.9946083095464637,
      0.9952396064741352,
      0.9951944872608577,
      0.9953749886641879,
      0.9951944872608577,
      0.9950140513099447,
      0.9948787672784953
    ],
    "epoch": [
      5,
      10,
      15,
      20,
      25,
      30,
      35,
      40,
      45,
      50,
      55,
      60,
      65,
      70,
      75,
      80,
      85,
      90
    ]
  },
  "GIN": {
    "train_loss": [
      0.331447958946228,
      0.12121440470218658,
      0.05432513356208801,
      0.03557177633047104
    ],
    "val_prauc": [
      0.9733016539501885,
      0.9707729767103915,
      0.9689219317174594,
      0.9617116628822119
    ],
    "val_f1": [
      0.8459670892905314,
      0.8910899127257966,
      0.9257369375448067,
      0.9453919035314384
    ],
    "epoch": [
      5,
      10,
      15,
      20
    ]
  },
  "HeteroGNN": {
    "train_loss": [
      0.09515196830034256,
      0.029005473479628563,
      0.00824787374585867,
      0.0038012105505913496,
      0.0019149662693962455,
      0.001238789176568389
    ],
    "val_prauc": [
      0.9999446555981236,
      0.9999997344420352,
      1.0,
      0.9999999999999999,
      0.9999999999999999,
      0.9999999999999999
    ],
    "val_f1": [
      0.5656419902599913,
      0.9917325502597696,
      0.997591456487162,
      0.999817817453088,
      0.9999089004281679,
      0.9999089004281679
    ],
    "epoch": [
      5,
      10,
      15,
      20,
      25,
      30
    ]
  }
}