{
  "graphsage": {
    "accuracy": 0.08352829373650109,
    "f1_macro": 0.08348973312939825,
    "f1_weighted": 0.08897657676585446,
    "precision_sar": 0.04033638380175936,
    "recall_sar": 1.0,
    "f1_sar": 0.077544887268781,
    "pr_auc": 0.9868509065863187,
    "avg_precision": 0.9869255651958881,
    "roc_auc": 0.9998927032328763,
    "confusion_matrix": [
      [
        13024,
        265204
      ],
      [
        0,
        11147
      ]
    ],
    "recall@1x": 0.9938997039562214,
    "recall@2x": 1.0,
    "recall@5x": 1.0,
    "best_epoch": 2,
    "training_time_s": 0.8,
    "n_params": 10626
  },
  "gat": {
    "accuracy": 0.951616414686825,
    "f1_macro": 0.7942169751952053,
    "f1_weighted": 0.9603241337966804,
    "precision_sar": 0.44325592492444726,
    "recall_sar": 1.0,
    "f1_sar": 0.6142443862791018,
    "pr_auc": 0.8760460453663322,
    "avg_precision": 0.8767058804821403,
    "roc_auc": 0.9980938976998339,
    "confusion_matrix": [
      [
        264227,
        14001
      ],
      [
        0,
        11147
      ]
    ],
    "recall@1x": 0.9386381986184623,
    "recall@2x": 1.0,
    "recall@5x": 1.0,
    "best_epoch": 2,
    "training_time_s": 0.9,
    "n_params": 1794
  }
}